voc_id,created_at,user_id,publisher,ad_type,ad_name,category,voc_content,log_matching,daily_query_cnt,actual_risk_level
VOC-1A5727CF,2025-06-12 04:56,U969325,리브메이트,CPA,멀티미션 완료,기타,리워드 지급 기준이 어떻게 되나요?,No_Record,1,Low
VOC-29C230B5,2025-06-04 02:21,U278368,캐시워크,CPA,플레이스 검색+저장하기,리워드미지급,하루에 15건 이상 문의하는 게 이상하다고요? 진짜 다 참여한 건데 왜 안 되는지 모르겠어요.,No_Record,30,Grey
VOC-4B08F489,2025-06-25 13:58,U162165,포인트타운,CPA,저장하고 링크 입력하기,리워드미지급,스크린샷 보내드립니다. 분명 완료했는데 로그에 안 잡힌다니 이해가 안 됩니다.,No_Record,16,Grey
VOC-F320058C,2025-06-08 20:23,U479742,신한SOL,CPA,멀티미션 완료,광고참여불가,멀티미션 완료 광고가 안 뜨는데 확인 부탁드립니다.,Match,3,Low
VOC-E7769463,2025-06-19 20:17,U758309,KB국민은행,CPA,앱 설치+실행,리워드미지급,"리워드 안 들어왔어요
홍길동
010-0000-0000",No_Record,7,Grey
VOC-D1F394BF,2025-06-22 07:17,U659614,리브메이트,CPA,앱 설치+실행,리워드미지급,참여 완료 캡처본 있는데 시스템에서는 미참여라고 뜹니다. 기록 확인해주세요.,No_Record,13,Grey
VOC-EECF944D,2025-06-29 16:12,U700521,토스,CPA,쇼핑 정답 입력하기,리워드미지급,쇼핑 정답 입력하기 미션 3단계까지 완료했는데 2단계부터 적립이 안 됩니다. 확인 부탁드립니다.,Match,8,Medium
VOC-9DB3742C,2025-06-25 16:07,U461939,네이버페이,CPA,멀티미션 완료,리워드미지급,미션 완료했는데 포인트 반영이 안 돼요.,No_Record,2,Low
VOC-C2721572,2025-06-22 21:51,U523956,OK캐쉬백,CPA,멀티미션 완료,리워드미지급,멀티미션 완료 광고 참여했는데 리워드가 안 들어왔어요.,Match,3,Low
VOC-F4B41E26,2025-06-23 00:10,U620526,허니스크린,CPA,게임 레벨 달성,리워드미지급,개짜증나네 스크린샷 보내드립니다. 분명 완료했는데 로그에 안 잡힌다니 이해가 안 됩니다.,No_Record,32,Grey
VOC-2BDA1B9B,2025-06-21 17:33,U617904,캐시워크,CPE,가입 후 튜토리얼 완료,리워드미지급,광고 참여 완료 후 리워드 미지급입니다. 적립 부탁합니다.,Match,2,Low
VOC-055B20CF,2025-06-24 07:03,U356355,KB국민은행,CPA,쇼핑 정답 입력하기,리워드미지급,게임 레벨 달성 증빙 첨부합니다. 트래커에 안 보인다고 하셨는데 이건 시스템 문제 아닌가요?,No_Record,18,Grey
VOC-13E6AD48,2025-06-28 21:58,U731977,OK캐쉬백,CPA,라이브커머스 시청,리워드미지급,광고 참여 완료 후 리워드 미지급입니다. 적립 부탁합니다.,Match,3,Low
VOC-AF002D00,2025-06-13 14:55,U495833,신한SOL,CPA,라이브커머스 시청,리워드미지급,앱 설치하고 실행까지 했는데 트래킹이 안 잡히는 것 같아요.,No_Record,7,Medium
VOC-689C2006,2025-06-02 00:13,U416061,포인트타운,CPA,앱 설치+실행,리워드미지급,미션 완료했는데 포인트 반영이 안 돼요.,Match,2,Low
VOC-614DAEDA,2025-06-02 06:56,U143941,네이버페이,CPA,멀티미션 완료,리워드미지급,멀티미션 완료 광고 참여했는데 리워드가 안 들어왔어요.,Match,2,Low
VOC-F719FC8C,2025-06-12 03:59,U691240,신한SOL,CPA,앱 설치+실행,리워드미지급,미친 거 아냐? 변호사 선임 완료했습니다. 미지급 리워드 건으로 소송 진행합니다.,No_Record,13,Critical
VOC-5D8AE93B,2025-06-23 01:10,U560959,KB국민은행,CPA,라이브커머스 시청,기타,리워드 지급 기준이 어떻게 되나요?,Match,2,Low
VOC-7BFADF7F,2025-06-28 07:55,U205907,KB국민은행,CPA,앱 설치+실행,리워드미지급,광고 참여 완료 후 리워드 미지급입니다. 적립 부탁합니다.,Match,1,Low
VOC-8FC1BE0A,2025-06-07 12:54,U606680,KB국민은행,CPC,뉴스 기사 클릭,리워드미지급,리워드 미적립 문의드립니다. 뉴스 기사 클릭 참여 완료했습니다.,No_Record,2,Low
VOC-293EBAF4,2025-06-22 13:55,U856086,네이버페이,CPA,쇼핑 정답 입력하기,기타,리워드 지급 기준이 어떻게 되나요?,No_Record,2,Low
VOC-F051ED5D,2025-06-05 18:14,U644676,캐시워크,CPA,플레이스 검색+저장하기,리워드미지급,플레이스 검색+저장하기 리워드 안 들어와서 문의드립니다. 제 친구도 같은 내용으로 문의했대요.,No_Record,28,Grey
VOC-131C5CB9,2025-06-28 22:56,U694316,카카오뱅크,CPM,영상 노출 리워드,기타,앱이 자꾸 튕겨요. 여러 기기에서 동일 증상입니다.,No_Record,7,Medium
VOC-8A19E4A3,2025-06-16 05:58,U668471,포인트타운,CPA,게임 레벨 달성,리워드미지급,화면이 하얗게 되면서 미션 완료가 안 됐는데 리워드도 안 들어왔어요.,Match,2,Medium
VOC-1211F3CB,2025-06-02 09:23,U934794,포인트타운,CPA,저장하고 링크 입력하기,리워드미지급,포인트가 안 들어왔는데 언제 지급되나요?,Match,1,Low
VOC-D59915D0,2025-06-22 05:59,U876459,토스,CPA,플레이스 검색+저장하기,리워드미지급,하루에 15건 이상 문의하는 게 이상하다고요? 진짜 다 참여한 건데 왜 안 되는지 모르겠어요.,Match,30,Grey
VOC-EE0438A5,2025-06-22 06:25,U444207,카카오뱅크,CPA,서비스 가입,광고참여불가,서비스 가입 광고가 안 뜨는데 확인 부탁드립니다.,Match,2,Low
VOC-C6E096C2,2025-06-07 09:22,U918771,네이버페이,CPA,서비스 가입,기타,포인트 사용 방법이 궁금합니다.,Match,1,Low
VOC-96EAE810,2025-06-14 06:44,U238320,OK캐쉬백,CPA,멀티미션 완료,광고참여불가,다른 계정으로도 해봤는데 같은 광고가 안 되네요. 왜 그런 건가요?,No_Record,20,Grey
VOC-16B39198,2025-06-07 10:41,U182911,허니스크린,CPC,배너 클릭 리워드,리워드미지급,배너 클릭 리워드 미션 중간에 앱이 꺼졌는데 이후 단계 리워드가 누락됐습니다.,No_Record,6,Medium
VOC-7D7D3F55,2025-06-13 21:32,U837733,리브메이트,CPA,쇼핑 정답 입력하기,리워드미지급,쇼핑 정답 입력하기 미션 중간에 앱이 꺼졌는데 이후 단계 리워드가 누락됐습니다.,No_Record,7,Medium
VOC-D6DEAE3C,2025-06-23 09:44,U576086,토스,CPA,멀티미션 완료,리워드미지급,ㅆㅂ 뭐하는 회사야 광고 참여 완료 후 리워드 미지급입니다. 적립 부탁합니다.,Match,3,Low
VOC-AE3AE7A0,2025-06-25 05:04,U635280,리브메이트,CPA,서비스 가입,리워드미지급,어제 참여한 서비스 가입 리워드가 아직 안 들어왔어요.,Match,1,Low
VOC-02404E65,2025-06-24 19:21,U983456,포인트타운,CPA,게임 레벨 달성,리워드미지급,포인트가 안 들어왔는데 언제 지급되나요?,Match,1,Low
VOC-F6084503,2025-06-19 03:17,U912764,네이버페이,CPA,멀티미션 완료,리워드미지급,"리워드 안 들어왔어요
김철수
010-2222-2222",Match,15,Grey
VOC-83F07841,2025-06-17 03:24,U704596,카카오뱅크,CPA,SNS 팔로우,리워드미지급,미션 완료했는데 포인트 반영이 안 돼요.,Match,1,Low
VOC-7108B074,2025-06-03 16:28,U947975,토스,CPA,앱 설치+실행,리워드미지급,다른 사람들도 같은 문제 겪고 있다는데 앱 설치+실행 광고 오류 확인 부탁합니다.,Match,5,Medium
VOC-A3988107,2025-06-04 03:15,U663658,KB국민은행,CPA,플레이스 검색+저장하기,리워드미지급,광고 참여 완료 후 리워드 미지급입니다. 적립 부탁합니다.,Match,3,Low
VOC-BD001D50,2025-06-08 03:22,U986438,카카오뱅크,CPA,앱 설치+실행,리워드미지급,포인트가 안 들어왔는데 언제 지급되나요?,Match,3,Low
VOC-153B0115,2025-06-24 04:59,U348237,캐시워크,CPA,SNS 팔로우,리워드미지급,미션 완료했는데 포인트 반영이 안 돼요.,Match,1,Low
VOC-1F436AE8,2025-06-10 11:23,U551607,신한SOL,CPE,앱 이벤트 달성,리워드미지급,어제 참여한 앱 이벤트 달성 리워드가 아직 안 들어왔어요.,Match,3,Low
VOC-CF3F9055,2025-06-28 00:50,U834435,리브메이트,CPA,서비스 가입,리워드미지급,"리워드 안 들어왔어요
김철수
010-2222-2222",No_Record,24,Grey
VOC-A46B92B2,2025-06-30 02:59,U595002,KB국민은행,CPA,쇼핑 정답 입력하기,리워드미지급,같은 광고를 여러 번 시도해도 계속 참여 완료가 안 됩니다. 시스템 문제 아닌가요?,No_Record,8,Medium
VOC-EEDE9B40,2025-06-03 18:08,U655178,네이버페이,CPA,SNS 팔로우,리워드미지급,어제 참여한 SNS 팔로우 리워드가 아직 안 들어왔어요.,Match,1,Low
VOC-ADC3A070,2025-06-05 11:32,U688933,토스,CPA,SNS 팔로우,리워드미지급,어제 참여한 SNS 팔로우 리워드가 아직 안 들어왔어요.,Match,1,Low
VOC-60102B9E,2025-06-01 01:30,U988456,카카오뱅크,CPA,플레이스 검색+저장하기,리워드미지급,광고 참여 완료 후 리워드 미지급입니다. 적립 부탁합니다.,Match,3,Low
VOC-BB2CC13D,2025-06-21 05:03,U515594,리브메이트,CPA,쇼핑 정답 입력하기,리워드미지급,하루에 15건 이상 문의하는 게 이상하다고요? 진짜 다 참여한 건데 왜 안 되는지 모르겠어요.,No_Record,14,Grey
VOC-AB7BD079,2025-06-05 21:33,U331780,네이버페이,CPA,SNS 팔로우,리워드미지급,화면이 하얗게 되면서 미션 완료가 안 됐는데 리워드도 안 들어왔어요.,No_Record,6,Medium
VOC-AFA3826C,2025-06-05 03:37,U865470,KB국민은행,CPA,앱 설치+실행,리워드미지급,스크린샷 보내드립니다. 분명 완료했는데 로그에 안 잡힌다니 이해가 안 됩니다.,No_Record,27,Grey
VOC-BEAAECD4,2025-06-06 11:44,U248225,KB국민은행,CPA,쇼핑 정답 입력하기,리워드미지급,쇼핑 정답 입력하기 리워드 안 들어와서 문의드립니다. 제 친구도 같은 내용으로 문의했대요.,Match,27,Grey
VOC-D95460AC,2025-06-19 07:45,U250551,카카오뱅크,CPS,브랜드 체험단,리워드미지급,브랜드 체험단 광고 참여했는데 리워드가 안 들어왔어요.,No_Record,2,Low
VOC-5D06E454,2025-06-27 20:14,U171269,캐시워크,CPA,플레이스 검색+저장하기,광고참여불가,특정 광고(플레이스 검색+저장하기)만 계속 화면이 하얗게 되면서 참여가 안 돼요.,Match,6,Medium
VOC-5868504F,2025-06-07 13:42,U497562,캐시워크,CPA,라이브커머스 시청,리워드미지급,광고 참여 완료 후 리워드 미지급입니다. 적립 부탁합니다.,No_Record,3,Low
VOC-B1038C26,2025-06-28 14:35,U884417,카카오뱅크,CPA,게임 레벨 달성,리워드미지급,매일 같은 미션 20건 넘게 참여하는데 절반은 적립 안 됩니다. 확인해주세요.,No_Record,23,Grey
VOC-B0801841,2025-06-28 18:26,U483162,토스,CPM,배너 노출,리워드미지급,하루에 15건 이상 문의하는 게 이상하다고요? 진짜 다 참여한 건데 왜 안 되는지 모르겠어요.,No_Record,19,Grey
VOC-34E734A3,2025-06-21 22:56,U896290,신한SOL,CPA,SNS 팔로우,리워드미지급,미션 완료했는데 포인트 반영이 안 돼요.,Match,3,Low
VOC-91678E31,2025-06-28 19:27,U322086,포인트타운,CPA,저장하고 링크 입력하기,리워드미지급,포인트가 안 들어왔는데 언제 지급되나요?,Match,2,Low
VOC-AA3C3DA3,2025-06-06 22:49,U755087,캐시워크,CPA,게임 레벨 달성,리워드미지급,미션 완료했는데 포인트 반영이 안 돼요.,Match,1,Low
VOC-EA00FE5B,2025-06-04 22:07,U994217,리브메이트,CPA,멀티미션 완료,기타,참여 내역 확인은 어디서 하나요?,Match,2,Low
VOC-42243C33,2025-06-24 03:43,U876646,캐시워크,CPA,서비스 가입,리워드미지급,서비스 가입 완료했는데 리워드 누락된 것 같아요. 확인 부탁드립니다.,No_Record,2,Low
VOC-0BDD27A5,2025-06-30 12:05,U678856,신한SOL,CPA,플레이스 검색+저장하기,광고참여불가,광고 버튼을 눌러도 아무 반응이 없어요.,Match,3,Low
VOC-8FB1ECB9,2025-06-20 01:55,U176319,신한SOL,CPA,서비스 가입,리워드미지급,서비스 가입 미션 중간에 앱이 꺼졌는데 이후 단계 리워드가 누락됐습니다.,Match,3,Medium
VOC-A8B5EB1F,2025-06-24 17:42,U853305,토스,CPA,멀티미션 완료,기타,리워드 지급 기준이 어떻게 되나요?,Match,1,Low
VOC-B1BE6E32,2025-06-22 07:25,U225710,포인트타운,CPA,게임 레벨 달성,기타,포인트 사용 방법이 궁금합니다.,No_Record,3,Low
VOC-D47E786D,2025-06-27 22:56,U110060,포인트타운,CPA,앱 설치+실행,리워드미지급,"리워드 안 들어왔어요
김철수
010-2222-2222",No_Record,24,Grey
VOC-D295C62C,2025-06-19 09:05,U360247,KB국민은행,CPA,플레이스 검색+저장하기,리워드미지급,포인트가 안 들어왔는데 언제 지급되나요?,No_Record,3,Low
VOC-A317442A,2025-06-14 20:31,U780714,신한SOL,CPA,게임 레벨 달성,리워드미지급,참여 완료 캡처본 있는데 시스템에서는 미참여라고 뜹니다. 기록 확인해주세요.,Match,30,Grey
VOC-E9F07BAD,2025-06-05 05:48,U747850,카카오뱅크,CPA,SNS 팔로우,리워드미지급,리워드 지급이 아직 안 됐는데 확인 부탁드립니다.,Match,2,Low
VOC-EA9B1441,2025-06-01 03:49,U545798,신한SOL,CPA,앱 설치+실행,리워드미지급,포인트가 안 들어왔는데 언제 지급되나요?,Match,1,Low
VOC-3F9673EB,2025-06-03 14:51,U997546,카카오뱅크,CPA,멀티미션 완료,리워드미지급,멀티미션 완료 완료했는데 리워드 누락된 것 같아요. 확인 부탁드립니다.,Match,1,Low
VOC-FD1FEB58,2025-06-10 08:14,U226516,OK캐쉬백,CPA,SNS 팔로우,기타,참여 내역 확인은 어디서 하나요?,Match,3,Low
VOC-AB84C76C,2025-06-22 17:24,U513697,캐시워크,CPE,가입 후 튜토리얼 완료,리워드미지급,광고 참여 완료 후 리워드 미지급입니다. 적립 부탁합니다.,Match,1,Low
VOC-E34BC6B6,2025-06-08 08:21,U435239,캐시워크,CPA,멀티미션 완료,리워드미지급,리워드 지급이 아직 안 됐는데 확인 부탁드립니다.,Match,1,Low
VOC-26714F3B,2025-06-04 23:00,U150486,KB국민은행,CPA,쇼핑 정답 입력하기,리워드미지급,하루에 15건 이상 문의하는 게 이상하다고요? 진짜 다 참여한 건데 왜 안 되는지 모르겠어요.,No_Record,12,Grey
VOC-4F2A362E,2025-06-24 10:51,U214576,토스,CPI,앱 설치 리워드,리워드미지급,리워드 지급이 아직 안 됐는데 확인 부탁드립니다.,Match,2,Low
VOC-6F3F85BE,2025-06-24 17:16,U792687,토스,CPM,배너 노출,리워드미지급,"리워드 안 들어왔어요
김철수
010-2222-2222",No_Record,16,Grey
VOC-258BC4F9,2025-06-08 21:46,U807166,허니스크린,CPS,브랜드 체험단,광고참여불가,브랜드 체험단 광고가 안 뜨는데 확인 부탁드립니다.,Match,2,Low
VOC-244D9035,2025-06-01 06:59,U299254,포인트타운,CPI,신규 앱 체험,리워드미지급,앱 설치하고 실행까지 했는데 트래킹이 안 잡히는 것 같아요.,Match,3,Medium
VOC-DEF277E3,2025-06-28 02:28,U281043,OK캐쉬백,CPA,멀티미션 완료,기타,포인트 사용 방법이 궁금합니다.,Match,3,Low
VOC-E744B380,2025-06-23 09:44,U522060,허니스크린,CPA,서비스 가입,리워드미지급,리워드 미적립 문의드립니다. 서비스 가입 참여 완료했습니다.,Match,1,Low
VOC-813E9A8C,2025-06-14 02:18,U963918,리브메이트,CPA,멀티미션 완료,리워드미지급,진짜 ㅅㅂ 참여 완료 캡처본 있는데 시스템에서는 미참여라고 뜹니다. 기록 확인해주세요.,No_Record,10,Grey
VOC-B48C8683,2025-06-28 10:36,U550137,KB국민은행,CPA,플레이스 검색+저장하기,광고참여불가,광고 버튼을 눌러도 아무 반응이 없어요.,Match,1,Low
VOC-DE61C440,2025-06-25 01:08,U628373,포인트타운,CPA,저장하고 링크 입력하기,리워드미지급,화면이 하얗게 되면서 미션 완료가 안 됐는데 리워드도 안 들어왔어요.,Match,4,Medium
VOC-8774232C,2025-06-19 03:04,U663750,네이버페이,CPA,쇼핑 정답 입력하기,리워드미지급,쇼핑 정답 입력하기 광고 참여했는데 리워드가 안 들어왔어요.,Match,2,Low
VOC-8292F781,2025-06-25 12:32,U653081,토스,CPA,멀티미션 완료,광고참여불가,광고 버튼을 눌러도 아무 반응이 없어요.,Match,3,Low
VOC-1FE4EB91,2025-06-10 09:45,U317346,OK캐쉬백,CPC,뉴스 기사 클릭,리워드미지급,광고 참여 완료 후 리워드 미지급입니다. 적립 부탁합니다.,Match,2,Low
VOC-54BE1858,2025-06-05 02:30,U919488,허니스크린,CPA,게임 레벨 달성,광고참여불가,광고 버튼을 눌러도 아무 반응이 없어요.,No_Record,3,Low
VOC-758BEBE2,2025-06-01 12:21,U982495,OK캐쉬백,CPA,앱 설치+실행,리워드미지급,ㅆㅂ 뭐하는 회사야 벌써 세 번째 문의인데 아직도 해결이 안 되고 있어요. 소비자보호원에 민원 넣겠습니다.,Match,8,High
VOC-6354E0A8,2025-06-20 15:55,U989587,캐시워크,CPA,앱 설치+실행,리워드미지급,미션 완료했는데 포인트 반영이 안 돼요.,Match,3,Low
VOC-DDF869E9,2025-06-12 14:02,U862120,OK캐쉬백,CPA,라이브커머스 시청,리워드미지급,포인트가 안 들어왔는데 언제 지급되나요?,No_Record,2,Low
VOC-BC9FC94E,2025-06-13 10:11,U620306,OK캐쉬백,CPA,라이브커머스 시청,리워드미지급,리워드 미적립 문의드립니다. 라이브커머스 시청 참여 완료했습니다.,Match,2,Low
VOC-893B7EDC,2025-06-30 02:41,U702022,카카오뱅크,CPC,뉴스 기사 클릭,리워드미지급,광고 참여 완료 후 리워드 미지급입니다. 적립 부탁합니다.,Match,2,Low
VOC-8F36C1EF,2025-06-02 10:04,U639131,KB국민은행,CPA,플레이스 검색+저장하기,리워드미지급,플레이스 검색+저장하기 완료했는데 리워드 누락된 것 같아요. 확인 부탁드립니다.,Match,3,Low
VOC-0A2C6E0E,2025-06-16 08:46,U718226,허니스크린,CPA,게임 레벨 달성,리워드미지급,게임 레벨 달성 완료했는데 리워드 누락된 것 같아요. 확인 부탁드립니다.,Match,1,Low
VOC-69164AF4,2025-06-28 11:04,U491738,리브메이트,CPA,게임 레벨 달성,리워드미지급,스크린샷 보내드립니다. 분명 완료했는데 로그에 안 잡힌다니 이해가 안 됩니다.,No_Record,1,Grey
VOC-B9B895EE,2025-06-08 14:35,U251668,신한SOL,CPA,라이브커머스 시청,리워드미지급,리워드 미적립 문의드립니다. 라이브커머스 시청 참여 완료했습니다.,Match,3,Low
VOC-DE4C6C23,2025-06-01 15:06,U409783,카카오뱅크,CPA,저장하고 링크 입력하기,리워드미지급,참여 완료 캡처본 있는데 시스템에서는 미참여라고 뜹니다. 기록 확인해주세요.,No_Record,28,Grey
VOC-71D86FB7,2025-06-05 14:11,U152727,네이버페이,CPE,앱 이벤트 달성,리워드미지급,리워드 지급이 아직 안 됐는데 확인 부탁드립니다.,Match,2,Low
VOC-73A9A940,2025-06-01 11:19,U289019,허니스크린,CPE,앱 이벤트 달성,리워드미지급,미션 완료했는데 포인트 반영이 안 돼요.,Match,1,Low
VOC-4206017C,2025-06-14 05:46,U647091,허니스크린,CPA,SNS 팔로우,광고참여불가,광고 버튼을 눌러도 아무 반응이 없어요.,No_Record,3,Low
VOC-BC760A77,2025-06-20 02:29,U534572,리브메이트,CPA,플레이스 검색+저장하기,광고참여불가,플레이스 검색+저장하기 광고가 안 뜨는데 확인 부탁드립니다.,Match,3,Low
VOC-6590388E,2025-06-17 12:32,U142210,토스,CPA,SNS 팔로우,리워드미지급,포인트가 안 들어왔는데 언제 지급되나요?,Match,2,Low
VOC-88B34070,2025-06-18 15:15,U990598,토스,CPA,서비스 가입,리워드미지급,서비스 가입 미션 중간에 앱이 꺼졌는데 이후 단계 리워드가 누락됐습니다.,Match,2,Medium
VOC-32E61277,2025-06-26 07:31,U504630,KB국민은행,CPA,라이브커머스 시청,리워드미지급,게임 레벨 달성 증빙 첨부합니다. 트래커에 안 보인다고 하셨는데 이건 시스템 문제 아닌가요?,Match,19,Grey
VOC-CC5E88DB,2025-06-19 11:07,U626428,캐시워크,CPE,가입 후 튜토리얼 완료,리워드미지급,게임 레벨 달성 증빙 첨부합니다. 트래커에 안 보인다고 하셨는데 이건 시스템 문제 아닌가요?,No_Record,13,Grey
VOC-5D270C7D,2025-06-06 17:49,U656116,허니스크린,CPA,앱 설치+실행,리워드미지급,포인트가 안 들어왔는데 언제 지급되나요?,Match,1,Low
VOC-95299E82,2025-06-25 12:23,U147440,신한SOL,CPA,게임 레벨 달성,리워드미지급,광고 참여 완료 후 리워드 미지급입니다. 적립 부탁합니다.,Match,1,Low
VOC-440DDEC9,2025-06-24 15:28,U371782,리브메이트,CPA,저장하고 링크 입력하기,광고참여불가,광고 버튼을 눌러도 아무 반응이 없어요.,Match,3,Low
VOC-0D7F3D86,2025-06-18 15:03,U461145,허니스크린,CPI,앱 설치 리워드,광고참여불가,광고 참여 버튼이 비활성화되어 있어서 참여 자체가 불가합니다.,Match,4,Medium
VOC-AD298E67,2025-06-21 05:02,U359778,OK캐쉬백,CPA,SNS 팔로우,기타,참여 내역 확인은 어디서 하나요?,Match,3,Low
VOC-46C2EE43,2025-06-27 07:21,U911984,신한SOL,CPA,저장하고 링크 입력하기,리워드미지급,저장하고 링크 입력하기 완료했는데 리워드 누락된 것 같아요. 확인 부탁드립니다.,Match,2,Low
VOC-9D4BAC0A,2025-06-03 22:42,U770147,OK캐쉬백,CPA,SNS 팔로우,리워드미지급,참여 완료 캡처본 있는데 시스템에서는 미참여라고 뜹니다. 기록 확인해주세요.,No_Record,11,Grey
VOC-FF3EC963,2025-06-17 17:32,U924613,포인트타운,CPA,쇼핑 정답 입력하기,리워드미지급,어제 참여한 쇼핑 정답 입력하기 리워드가 아직 안 들어왔어요.,Match,2,Low
VOC-385A8225,2025-06-09 10:58,U862422,포인트타운,CPA,앱 설치+실행,리워드미지급,참여 완료 캡처본 있는데 시스템에서는 미참여라고 뜹니다. 기록 확인해주세요.,No_Record,34,Grey
VOC-4FE780A1,2025-06-24 07:53,U103642,OK캐쉬백,CPA,저장하고 링크 입력하기,광고참여불가,저장하고 링크 입력하기 클릭하면 무한 로딩만 되고 페이지가 안 열립니다.,Match,7,Medium
VOC-2E99A37D,2025-06-08 06:51,U873443,네이버페이,CPS,브랜드 체험단,리워드미지급,스크린샷 보내드립니다. 분명 완료했는데 로그에 안 잡힌다니 이해가 안 됩니다.,Match,6,Grey
VOC-886B275A,2025-06-16 19:56,U983791,OK캐쉬백,CPA,SNS 팔로우,리워드미지급,SNS 팔로우 광고 참여했는데 리워드가 안 들어왔어요.,Match,3,Low
VOC-60C81577,2025-06-05 08:02,U157174,토스,CPA,서비스 가입,리워드미지급,서비스 가입 광고 참여했는데 리워드가 안 들어왔어요.,Match,1,Low
VOC-66BCDEB5,2025-06-15 18:15,U831105,카카오뱅크,CPA,쇼핑 정답 입력하기,리워드미지급,앱 설치하고 실행까지 했는데 트래킹이 안 잡히는 것 같아요.,No_Record,2,Medium
VOC-9D110A87,2025-06-14 18:38,U786508,KB국민은행,CPA,플레이스 검색+저장하기,리워드미지급,광고 참여 완료 후 리워드 미지급입니다. 적립 부탁합니다.,Match,3,Low
VOC-0DDEC241,2025-06-11 12:48,U875679,카카오뱅크,CPA,라이브커머스 시청,리워드미지급,지금 당장 해결 안 해주면 각종 커뮤니티에 다 올릴 겁니다. 라이브커머스 시청 리워드 즉시 지급해주세요.,Match,3,High
VOC-4CBE313C,2025-06-18 14:26,U156837,네이버페이,CPA,라이브커머스 시청,리워드미지급,라이브커머스 시청 광고 참여했는데 리워드가 안 들어왔어요.,No_Record,2,Low
VOC-F469B742,2025-06-18 22:14,U624563,네이버페이,CPA,라이브커머스 시청,리워드미지급,포인트가 안 들어왔는데 언제 지급되나요?,Match,2,Low
VOC-52C7888A,2025-06-15 09:43,U673149,KB국민은행,CPA,서비스 가입,리워드미지급,서비스 가입 광고 참여했는데 리워드가 안 들어왔어요.,Match,3,Low
VOC-59771BEA,2025-06-12 02:22,U352838,리브메이트,CPA,SNS 팔로우,리워드미지급,광고 참여 완료 후 리워드 미지급입니다. 적립 부탁합니다.,Match,3,Low
VOC-EDF4436C,2025-06-02 01:37,U599948,신한SOL,CPA,저장하고 링크 입력하기,기타,포인트 사용 방법이 궁금합니다.,Match,1,Low
VOC-B3B5C218,2025-06-21 08:45,U295243,네이버페이,CPS,브랜드 체험단,리워드미지급,포인트가 안 들어왔는데 언제 지급되나요?,Match,3,Low
VOC-77139545,2025-06-08 01:36,U834549,카카오뱅크,CPA,라이브커머스 시청,리워드미지급,포인트가 안 들어왔는데 언제 지급되나요?,Match,2,Low
VOC-092EC96B,2025-06-22 08:37,U499534,OK캐쉬백,CPA,멀티미션 완료,리워드미지급,어제 참여한 멀티미션 완료 리워드가 아직 안 들어왔어요.,Match,3,Low
VOC-F405DE02,2025-06-23 09:08,U286340,리브메이트,CPA,게임 레벨 달성,리워드미지급,"리워드 안 들어왔어요
홍길동
010-0000-0000",Match,10,Grey
VOC-EC760BC8,2025-06-14 20:10,U736818,캐시워크,CPM,배너 노출,광고참여불가,여러 기기에서 시도했는데 이 광고만 계속 안 됩니다. VPN은 안 쓰고 있어요.,No_Record,22,Grey
VOC-DC3A2F55,2025-06-12 07:40,U299367,리브메이트,CPE,가입 후 튜토리얼 완료,리워드미지급,가입 후 튜토리얼 완료 완료했는데 리워드 누락된 것 같아요. 확인 부탁드립니다.,Match,3,Low
VOC-E69B1CF2,2025-06-18 09:57,U414527,리브메이트,오퍼월,오퍼월 앱 설치,기타,참여 내역 확인은 어디서 하나요?,Match,2,Low
VOC-F2397730,2025-06-28 00:43,U855731,신한SOL,CPA,멀티미션 완료,리워드미지급,광고 참여 완료 후 리워드 미지급입니다. 적립 부탁합니다.,Match,3,Low
VOC-C504A074,2025-06-17 03:47,U166645,네이버페이,CPA,플레이스 검색+저장하기,리워드미지급,포인트가 안 들어왔는데 언제 지급되나요?,Match,3,Low
VOC-D127EAD9,2025-06-21 05:35,U274971,토스,CPA,멀티미션 완료,리워드미지급,"리워드 안 들어왔어요
김철수
010-2222-2222",No_Record,25,Grey
VOC-912C5074,2025-06-22 22:17,U130359,네이버페이,CPA,저장하고 링크 입력하기,리워드미지급,저장하고 링크 입력하기 광고 참여했는데 리워드가 안 들어왔어요.,Match,2,Low
VOC-AA7CDF21,2025-06-27 22:04,U958747,OK캐쉬백,CPA,멀티미션 완료,리워드미지급,"ㅆㅂ 뭐하는 회사야 금감원에 이미 신고했고, 추가로 법적 대응 준비 중입니다. 빨리 해결하세요.",Match,5,Critical
VOC-83CAE603,2025-06-26 16:17,U960408,네이버페이,CPI,신규 앱 체험,광고참여불가,광고 버튼을 눌러도 아무 반응이 없어요.,No_Record,3,Low
VOC-7B3AB910,2025-06-25 23:50,U570735,토스,CPA,앱 설치+실행,리워드미지급,리워드 미적립 문의드립니다. 앱 설치+실행 참여 완료했습니다.,Match,2,Low
VOC-45BAC7DB,2025-06-02 10:25,U380746,신한SOL,CPA,SNS 팔로우,리워드미지급,SNS 팔로우 광고 참여했는데 리워드가 안 들어왔어요.,Match,1,Low
VOC-5591AB0A,2025-06-22 10:39,U429164,캐시워크,CPS,쇼핑몰 구매 리워드,리워드미지급,어제 참여한 쇼핑몰 구매 리워드 리워드가 아직 안 들어왔어요.,Match,3,Low
VOC-7F869939,2025-06-13 04:11,U999138,KB국민은행,CPA,플레이스 검색+저장하기,리워드미지급,ㅆㅂ 뭐하는 회사야 플레이스 검색+저장하기 리워드 안 들어와서 문의드립니다. 제 친구도 같은 내용으로 문의했대요.,No_Record,26,Grey
VOC-7FB0E0D4,2025-06-24 03:20,U547494,네이버페이,CPA,SNS 팔로우,리워드미지급,리워드 미적립 문의드립니다. SNS 팔로우 참여 완료했습니다.,Match,1,Low
VOC-49DE798B,2025-06-19 15:49,U913575,신한SOL,CPA,서비스 가입,리워드미지급,서비스 가입 리워드 안 들어와서 문의드립니다. 제 친구도 같은 내용으로 문의했대요.,No_Record,29,Grey
VOC-83543E87,2025-06-07 08:48,U837945,캐시워크,CPA,라이브커머스 시청,광고참여불가,개짜증나네 여러 기기에서 시도했는데 이 광고만 계속 안 됩니다. VPN은 안 쓰고 있어요.,Match,23,Grey
VOC-D7988437,2025-06-16 14:39,U105506,포인트타운,CPA,멀티미션 완료,리워드미지급,포인트가 안 들어왔는데 언제 지급되나요?,Match,1,Low
VOC-82299261,2025-06-22 20:39,U451470,토스,CPA,게임 레벨 달성,리워드미지급,리워드 지급이 아직 안 됐는데 확인 부탁드립니다.,Match,1,Low
VOC-D2616D78,2025-06-27 13:16,U975467,카카오뱅크,CPA,라이브커머스 시청,리워드미지급,광고 참여 완료 후 리워드 미지급입니다. 적립 부탁합니다.,Match,1,Low
VOC-5F1CC0E3,2025-06-13 19:26,U360330,포인트타운,CPA,쇼핑 정답 입력하기,리워드미지급,쇼핑 정답 입력하기 광고 참여했는데 리워드가 안 들어왔어요.,Match,3,Low
VOC-8CEB479C,2025-06-04 00:05,U471106,신한SOL,CPA,저장하고 링크 입력하기,리워드미지급,지금 당장 해결 안 해주면 각종 커뮤니티에 다 올릴 겁니다. 저장하고 링크 입력하기 리워드 즉시 지급해주세요.,Match,9,High
VOC-B4AAB596,2025-06-24 00:25,U366817,리브메이트,CPA,멀티미션 완료,리워드미지급,다른 사람들도 같은 문제 겪고 있다는데 멀티미션 완료 광고 오류 확인 부탁합니다.,Match,6,Medium
VOC-D8D472BD,2025-06-13 19:43,U352528,신한SOL,CPA,게임 레벨 달성,리워드미지급,리워드 지급이 아직 안 됐는데 확인 부탁드립니다.,Match,1,Low
VOC-3F30F248,2025-06-03 12:42,U200018,토스,CPA,라이브커머스 시청,리워드미지급,미션 완료했는데 포인트 반영이 안 돼요.,Match,2,Low
VOC-21B924A7,2025-06-22 12:17,U108491,카카오뱅크,API연동,외부 앱 리워드,리워드미지급,외부 앱 리워드 광고 참여했는데 리워드가 안 들어왔어요.,No_Record,3,Low
VOC-FE31DC06,2025-06-26 13:12,U198907,KB국민은행,CPE,가입 후 튜토리얼 완료,리워드미지급,가입 후 튜토리얼 완료 완료했는데 리워드 누락된 것 같아요. 확인 부탁드립니다.,Match,2,Low
VOC-40C9ED30,2025-06-23 02:19,U686072,네이버페이,CPE,가입 후 튜토리얼 완료,리워드미지급,미션 완료했는데 포인트 반영이 안 돼요.,Match,3,Low
VOC-8D109168,2025-06-30 01:05,U765095,네이버페이,CPA,서비스 가입,리워드미지급,리워드 미적립 문의드립니다. 서비스 가입 참여 완료했습니다.,Match,1,Low
VOC-A85651AF,2025-06-12 10:35,U899929,KB국민은행,CPA,게임 레벨 달성,기타,리워드 지급 기준이 어떻게 되나요?,Match,1,Low
VOC-20A3A1E4,2025-06-27 20:48,U359555,카카오뱅크,CPA,앱 설치+실행,리워드미지급,"리워드 안 들어왔어요
홍길동
010-0000-0000",No_Record,18,Grey
VOC-AA3FAE5F,2025-06-16 04:29,U884056,허니스크린,CPA,앱 설치+실행,광고참여불가,특정 광고(앱 설치+실행)만 계속 화면이 하얗게 되면서 참여가 안 돼요.,Match,7,Medium
VOC-617E0441,2025-06-21 12:04,U720647,KB국민은행,CPA,쇼핑 정답 입력하기,리워드미지급,스크린샷 보내드립니다. 분명 완료했는데 로그에 안 잡힌다니 이해가 안 됩니다.,No_Record,15,Grey
VOC-B89806A0,2025-06-28 05:11,U348041,네이버페이,오퍼월,오퍼월 앱 설치,리워드미지급,하루에 15건 이상 문의하는 게 이상하다고요? 진짜 다 참여한 건데 왜 안 되는지 모르겠어요.,Match,13,Grey
VOC-3BC81C96,2025-06-21 05:11,U771590,OK캐쉬백,CPA,멀티미션 완료,리워드미지급,멀티미션 완료 리워드 안 들어와서 문의드립니다. 제 친구도 같은 내용으로 문의했대요.,No_Record,4,Grey
VOC-E6B28D33,2025-06-30 07:52,U573041,캐시워크,CPE,앱 이벤트 달성,리워드미지급,미션 완료했는데 포인트 반영이 안 돼요.,Match,1,Low
VOC-29A61800,2025-06-23 20:44,U671412,KB국민은행,CPA,앱 설치+실행,리워드미지급,앱 설치+실행 광고 참여했는데 리워드가 안 들어왔어요.,No_Record,2,Low
VOC-0EF5F5AC,2025-06-29 03:47,U680097,네이버페이,CPA,쇼핑 정답 입력하기,리워드미지급,포인트가 안 들어왔는데 언제 지급되나요?,No_Record,1,Low
VOC-10323601,2025-06-16 00:23,U680933,KB국민은행,CPA,앱 설치+실행,리워드미지급,포인트가 안 들어왔는데 언제 지급되나요?,Match,1,Low
VOC-D5628070,2025-06-07 12:35,U629990,OK캐쉬백,CPA,SNS 팔로우,광고참여불가,다른 계정으로도 해봤는데 같은 광고가 안 되네요. 왜 그런 건가요?,No_Record,13,Grey
VOC-F59F4DD2,2025-06-01 10:51,U550179,카카오뱅크,CPA,서비스 가입,리워드미지급,스크린샷 보내드립니다. 분명 완료했는데 로그에 안 잡힌다니 이해가 안 됩니다.,No_Record,33,Grey
VOC-2FE57555,2025-06-10 07:19,U227767,KB국민은행,CPA,저장하고 링크 입력하기,광고참여불가,광고 버튼을 눌러도 아무 반응이 없어요.,No_Record,2,Low
VOC-2B89C708,2025-06-14 01:20,U880879,KB국민은행,CPA,라이브커머스 시청,기타,포인트 사용 방법이 궁금합니다.,Match,3,Low
VOC-CBBA2B72,2025-06-26 18:41,U297383,KB국민은행,CPA,저장하고 링크 입력하기,리워드미지급,저장하고 링크 입력하기 광고 참여했는데 리워드가 안 들어왔어요.,Match,1,Low
VOC-1AF6396A,2025-06-07 11:51,U370902,신한SOL,CPA,멀티미션 완료,리워드미지급,어제 참여한 멀티미션 완료 리워드가 아직 안 들어왔어요.,Match,3,Low
VOC-D89B071D,2025-06-25 07:43,U891401,카카오뱅크,CPA,저장하고 링크 입력하기,리워드미지급,다른 사람들도 같은 문제 겪고 있다는데 저장하고 링크 입력하기 광고 오류 확인 부탁합니다.,Match,5,Medium
VOC-46A66E1A,2025-06-21 10:09,U561124,KB국민은행,CPA,멀티미션 완료,리워드미지급,어제 참여한 멀티미션 완료 리워드가 아직 안 들어왔어요.,Match,2,Low
VOC-3D8E5F58,2025-06-07 15:20,U286266,허니스크린,CPS,쇼핑몰 구매 리워드,리워드미지급,개같은 서비스 변호사 선임 완료했습니다. 미지급 리워드 건으로 소송 진행합니다.,Match,14,Critical
VOC-7B40E189,2025-06-09 07:04,U312559,신한SOL,CPI,신규 앱 체험,리워드미지급,하루에 15건 이상 문의하는 게 이상하다고요? 진짜 다 참여한 건데 왜 안 되는지 모르겠어요.,No_Record,29,Grey
VOC-BEA39535,2025-06-02 04:45,U393418,토스,CPA,앱 설치+실행,리워드미지급,"리워드 안 들어왔어요
홍길동
010-0000-0000",Match,12,Grey
VOC-C55819E4,2025-06-19 11:34,U394739,토스,CPA,앱 설치+실행,리워드미지급,앱 설치+실행 리워드 안 들어와서 문의드립니다. 제 친구도 같은 내용으로 문의했대요.,No_Record,22,Grey
VOC-3F29584D,2025-06-08 04:12,U963684,카카오뱅크,CPA,플레이스 검색+저장하기,광고참여불가,다른 계정으로도 해봤는데 같은 광고가 안 되네요. 왜 그런 건가요?,Match,1,Grey
VOC-C64FB487,2025-06-05 16:37,U448121,OK캐쉬백,CPA,게임 레벨 달성,리워드미지급,리워드 미적립 문의드립니다. 게임 레벨 달성 참여 완료했습니다.,Match,3,Low
VOC-B2F60C7B,2025-06-07 04:21,U851763,네이버페이,CPA,저장하고 링크 입력하기,리워드미지급,"씨발 리워드 안 들어왔어요
이영희
010-1111-1111",No_Record,12,Grey
VOC-2E6FF60E,2025-06-09 21:05,U264686,신한SOL,CPC,배너 클릭 리워드,리워드미지급,배너 클릭 리워드 완료했는데 리워드 누락된 것 같아요. 확인 부탁드립니다.,Match,1,Low
VOC-F9700BC3,2025-06-24 15:48,U980521,토스,CPI,신규 앱 체험,리워드미지급,신규 앱 체험 미션 3단계까지 완료했는데 2단계부터 적립이 안 됩니다. 확인 부탁드립니다.,Match,4,Medium
VOC-27CD3730,2025-06-29 07:36,U646417,KB국민은행,CPA,쇼핑 정답 입력하기,리워드미지급,지금 당장 해결 안 해주면 각종 커뮤니티에 다 올릴 겁니다. 쇼핑 정답 입력하기 리워드 즉시 지급해주세요.,No_Record,5,High
VOC-AC6F43A5,2025-06-13 21:27,U281201,토스,CPA,라이브커머스 시청,광고참여불가,여러 기기에서 시도했는데 이 광고만 계속 안 됩니다. VPN은 안 쓰고 있어요.,No_Record,20,Grey
VOC-2E3CA074,2025-06-26 12:32,U400404,리브메이트,CPA,서비스 가입,리워드미지급,진짜 ㅅㅂ 서비스 가입 리워드 안 들어와서 문의드립니다. 제 친구도 같은 내용으로 문의했대요.,No_Record,14,Grey
VOC-617BE120,2025-06-09 17:59,U712401,KB국민은행,CPA,앱 설치+실행,리워드미지급,다른 사람들도 같은 문제 겪고 있다는데 앱 설치+실행 광고 오류 확인 부탁합니다.,Match,3,Medium
VOC-8B0BE3BF,2025-06-06 11:10,U367508,리브메이트,CPA,저장하고 링크 입력하기,리워드미지급,씨발 하루에 15건 이상 문의하는 게 이상하다고요? 진짜 다 참여한 건데 왜 안 되는지 모르겠어요.,No_Record,14,Grey
VOC-A93888CF,2025-06-22 21:22,U274418,캐시워크,CPC,배너 클릭 리워드,리워드미지급,"법적 조치 취하겠습니다. 금감원에 민원 넣을 예정이고, 이건 명백한 사기입니다.",Match,15,Critical
VOC-5E326493,2025-06-05 06:48,U452944,KB국민은행,CPA,게임 레벨 달성,광고참여불가,광고 버튼을 눌러도 아무 반응이 없어요.,Match,2,Low
VOC-CFBB93D4,2025-06-20 05:52,U806309,OK캐쉬백,CPA,SNS 팔로우,리워드미지급,하루에 15건 이상 문의하는 게 이상하다고요? 진짜 다 참여한 건데 왜 안 되는지 모르겠어요.,Match,1,Grey
VOC-D9426520,2025-06-06 17:46,U356702,KB국민은행,CPA,서비스 가입,리워드미지급,리워드 지급이 아직 안 됐는데 확인 부탁드립니다.,Match,3,Low
VOC-9FE473CF,2025-06-01 10:59,U203896,리브메이트,CPA,라이브커머스 시청,리워드미지급,리워드 지급이 아직 안 됐는데 확인 부탁드립니다.,Match,1,Low
VOC-E20A3EC0,2025-06-04 23:47,U490748,리브메이트,CPA,쇼핑 정답 입력하기,리워드미지급,리워드 지급이 아직 안 됐는데 확인 부탁드립니다.,Match,3,Low
VOC-802AAD55,2025-06-21 18:36,U338596,리브메이트,CPA,플레이스 검색+저장하기,리워드미지급,리워드 미적립 문의드립니다. 플레이스 검색+저장하기 참여 완료했습니다.,Match,1,Low
VOC-61E47F77,2025-06-29 17:30,U163941,KB국민은행,CPA,앱 설치+실행,리워드미지급,게임 레벨 달성 증빙 첨부합니다. 트래커에 안 보인다고 하셨는데 이건 시스템 문제 아닌가요?,No_Record,13,Grey
VOC-EC72B9AF,2025-06-14 21:23,U172306,네이버페이,CPA,쇼핑 정답 입력하기,리워드미지급,쇼핑 정답 입력하기 광고 참여했는데 리워드가 안 들어왔어요.,Match,2,Low
VOC-1006B72E,2025-06-29 16:14,U768933,카카오뱅크,CPA,앱 설치+실행,리워드미지급,앱 설치+실행 완료했는데 리워드 누락된 것 같아요. 확인 부탁드립니다.,Match,2,Low
VOC-BE5AEF97,2025-06-10 21:37,U486945,신한SOL,CPA,앱 설치+실행,리워드미지급,미션 완료했는데 포인트 반영이 안 돼요.,Match,2,Low
VOC-C032B75A,2025-06-01 11:21,U806537,KB국민은행,CPA,멀티미션 완료,리워드미지급,광고 참여 완료 후 리워드 미지급입니다. 적립 부탁합니다.,No_Record,2,Low
VOC-25F77C74,2025-06-16 17:48,U351997,리브메이트,CPE,앱 이벤트 달성,리워드미지급,앱 이벤트 달성 완료했는데 리워드 누락된 것 같아요. 확인 부탁드립니다.,Match,2,Low
VOC-76AF3F9B,2025-06-27 02:17,U572700,KB국민은행,CPA,서비스 가입,리워드미지급,어제 참여한 서비스 가입 리워드가 아직 안 들어왔어요.,No_Record,3,Low
VOC-99C0B4DD,2025-06-25 09:24,U588899,네이버페이,CPA,라이브커머스 시청,리워드미지급,화면이 하얗게 되면서 미션 완료가 안 됐는데 리워드도 안 들어왔어요.,Match,4,Medium
VOC-F5C7C6B2,2025-06-30 17:07,U374492,리브메이트,CPA,게임 레벨 달성,기타,리워드 지급 기준이 어떻게 되나요?,Match,1,Low
VOC-964843EA,2025-06-14 09:30,U920685,네이버페이,CPA,게임 레벨 달성,리워드미지급,ㅆㅂ 뭐하는 회사야 이거 소비자원에 신고할게요. 참여 완료했는데 리워드 안 주면 사기 아닙니까?,No_Record,14,High
VOC-2D5144FA,2025-06-25 01:02,U204411,OK캐쉬백,CPA,멀티미션 완료,리워드미지급,하루에 15건 이상 문의하는 게 이상하다고요? 진짜 다 참여한 건데 왜 안 되는지 모르겠어요.,No_Record,25,Grey
VOC-94B99AFB,2025-06-04 21:55,U127032,네이버페이,CPA,게임 레벨 달성,광고참여불가,광고 버튼을 눌러도 아무 반응이 없어요.,Match,3,Low
VOC-2E6483AE,2025-06-04 08:42,U613261,네이버페이,CPA,SNS 팔로우,리워드미지급,하루에 15건 이상 문의하는 게 이상하다고요? 진짜 다 참여한 건데 왜 안 되는지 모르겠어요.,Match,34,Grey
VOC-704EA517,2025-06-30 09:28,U832168,카카오뱅크,CPA,앱 설치+실행,리워드미지급,광고 참여 완료 후 리워드 미지급입니다. 적립 부탁합니다.,No_Record,1,Low
VOC-BFC4174E,2025-06-07 21:45,U429445,KB국민은행,CPA,저장하고 링크 입력하기,리워드미지급,어제 참여한 저장하고 링크 입력하기 리워드가 아직 안 들어왔어요.,Match,3,Low
VOC-AF75E2D0,2025-06-06 23:55,U403528,캐시워크,CPA,플레이스 검색+저장하기,광고참여불가,광고 버튼을 눌러도 아무 반응이 없어요.,Match,3,Low
VOC-BADE2FB2,2025-06-20 19:25,U911131,네이버페이,CPA,쇼핑 정답 입력하기,리워드미지급,벌써 세 번째 문의인데 아직도 해결이 안 되고 있어요. 소비자보호원에 민원 넣겠습니다.,Match,10,High
VOC-5F4A995F,2025-06-28 09:49,U985885,카카오뱅크,오퍼월,오퍼월 앱 설치,광고참여불가,다른 계정으로도 해봤는데 같은 광고가 안 되네요. 왜 그런 건가요?,Match,18,Grey
VOC-E47B9D14,2025-06-08 20:09,U378535,캐시워크,CPS,쇼핑몰 구매 리워드,리워드미지급,미션 완료했는데 포인트 반영이 안 돼요.,Match,1,Low
VOC-FD1B91F9,2025-06-01 19:41,U272088,토스,CPA,게임 레벨 달성,광고참여불가,씨발 다른 계정으로도 해봤는데 같은 광고가 안 되네요. 왜 그런 건가요?,No_Record,12,Grey
VOC-216996FB,2025-06-15 21:33,U686075,KB국민은행,CPE,앱 이벤트 달성,리워드미지급,리워드 미적립 문의드립니다. 앱 이벤트 달성 참여 완료했습니다.,No_Record,3,Low
VOC-57839D98,2025-06-08 15:19,U182790,카카오뱅크,CPA,저장하고 링크 입력하기,광고참여불가,여러 기기에서 시도했는데 이 광고만 계속 안 됩니다. VPN은 안 쓰고 있어요.,Match,33,Grey
VOC-617FE597,2025-06-30 08:53,U272537,KB국민은행,CPA,저장하고 링크 입력하기,리워드미지급,어제 참여한 저장하고 링크 입력하기 리워드가 아직 안 들어왔어요.,Match,3,Low
VOC-2AF155D4,2025-06-26 17:26,U893202,신한SOL,CPA,쇼핑 정답 입력하기,리워드미지급,스크린샷 보내드립니다. 분명 완료했는데 로그에 안 잡힌다니 이해가 안 됩니다.,No_Record,34,Grey
VOC-E0FB0514,2025-06-24 15:33,U530749,리브메이트,CPA,서비스 가입,리워드미지급,미션 완료했는데 포인트 반영이 안 돼요.,Match,1,Low
VOC-4C7F12DA,2025-06-16 18:41,U895075,캐시워크,CPA,저장하고 링크 입력하기,리워드미지급,"리워드 안 들어왔어요
홍길동
010-0000-0000",No_Record,19,Grey
VOC-D091CE65,2025-06-03 14:38,U602514,신한SOL,CPA,게임 레벨 달성,리워드미지급,"미친 거 아냐? 금감원에 이미 신고했고, 추가로 법적 대응 준비 중입니다. 빨리 해결하세요.",Match,11,Critical
VOC-9920310D,2025-06-12 06:28,U423284,카카오뱅크,CPA,SNS 팔로우,리워드미지급,"리워드 안 들어왔어요
홍길동
010-0000-0000",No_Record,30,Grey
VOC-723A2234,2025-06-30 11:05,U557925,캐시워크,CPC,배너 클릭 리워드,리워드미지급,리워드 미적립 문의드립니다. 배너 클릭 리워드 참여 완료했습니다.,Match,3,Low
VOC-84F94199,2025-06-17 04:19,U272655,토스,CPA,저장하고 링크 입력하기,리워드미지급,저장하고 링크 입력하기 광고 참여했는데 리워드가 안 들어왔어요.,Match,3,Low
VOC-36AF6E51,2025-06-04 16:49,U665990,리브메이트,CPA,쇼핑 정답 입력하기,리워드미지급,광고 참여 완료 후 리워드 미지급입니다. 적립 부탁합니다.,Match,3,Low
VOC-ADEA5C99,2025-06-08 11:06,U818987,네이버페이,CPA,SNS 팔로우,광고참여불가,SNS 팔로우 광고가 안 뜨는데 확인 부탁드립니다.,Match,2,Low
VOC-34CD04A8,2025-06-06 01:16,U600935,카카오뱅크,CPA,멀티미션 완료,광고참여불가,광고 버튼을 눌러도 아무 반응이 없어요.,Match,2,Low
VOC-94DAD2B0,2025-06-08 23:35,U665158,신한SOL,CPA,멀티미션 완료,리워드미지급,포인트가 안 들어왔는데 언제 지급되나요?,Match,3,Low
VOC-705E396D,2025-06-30 05:26,U784607,허니스크린,CPA,게임 레벨 달성,리워드미지급,게임 레벨 달성 광고 참여했는데 리워드가 안 들어왔어요.,Match,3,Low
VOC-93BA97B5,2025-06-26 22:06,U501124,OK캐쉬백,CPE,가입 후 튜토리얼 완료,리워드미지급,가입 후 튜토리얼 완료 완료했는데 리워드 누락된 것 같아요. 확인 부탁드립니다.,Match,1,Low
VOC-80613647,2025-06-09 19:43,U740725,카카오뱅크,CPA,라이브커머스 시청,리워드미지급,리워드 미적립 문의드립니다. 라이브커머스 시청 참여 완료했습니다.,Match,2,Low
VOC-449ADB1D,2025-06-03 04:17,U754644,리브메이트,CPA,쇼핑 정답 입력하기,광고참여불가,광고 버튼을 눌러도 아무 반응이 없어요.,Match,2,Low
VOC-499545C3,2025-06-04 22:54,U640970,OK캐쉬백,CPA,멀티미션 완료,리워드미지급,어제 참여한 멀티미션 완료 리워드가 아직 안 들어왔어요.,Match,1,Low
VOC-8A5B21B0,2025-06-02 01:23,U972097,카카오뱅크,CPA,쇼핑 정답 입력하기,리워드미지급,광고 참여 완료 후 리워드 미지급입니다. 적립 부탁합니다.,No_Record,3,Low
VOC-AA471805,2025-06-11 00:13,U715551,KB국민은행,CPI,앱 설치 리워드,광고참여불가,몇 번을 해도 안 되는 광고를 왜 올려놓는 겁니까? 소비자원 신고 준비 중입니다.,No_Record,7,High
VOC-70CAAF63,2025-06-24 04:56,U535037,OK캐쉬백,CPA,저장하고 링크 입력하기,광고참여불가,광고 버튼을 눌러도 아무 반응이 없어요.,No_Record,2,Low
VOC-4D7C89D5,2025-06-23 15:18,U794769,포인트타운,CPA,쇼핑 정답 입력하기,리워드미지급,포인트가 안 들어왔는데 언제 지급되나요?,Match,1,Low
VOC-6C5B6567,2025-06-08 00:57,U950069,캐시워크,CPA,게임 레벨 달성,리워드미지급,매일 같은 미션 20건 넘게 참여하는데 절반은 적립 안 됩니다. 확인해주세요.,No_Record,27,Grey
VOC-2CFC3164,2025-06-09 10:19,U710754,캐시워크,CPA,라이브커머스 시청,광고참여불가,특정 광고(라이브커머스 시청)만 계속 화면이 하얗게 되면서 참여가 안 돼요.,Match,7,Medium
VOC-E108FB8A,2025-06-08 20:04,U766269,리브메이트,CPA,저장하고 링크 입력하기,리워드미지급,어제 참여한 저장하고 링크 입력하기 리워드가 아직 안 들어왔어요.,Match,3,Low
VOC-19ACDC58,2025-06-26 07:18,U134283,신한SOL,CPA,게임 레벨 달성,리워드미지급,스크린샷 보내드립니다. 분명 완료했는데 로그에 안 잡힌다니 이해가 안 됩니다.,No_Record,31,Grey
VOC-3F3BCC62,2025-06-29 18:05,U189814,캐시워크,CPA,서비스 가입,리워드미지급,서비스 가입 완료했는데 리워드 누락된 것 같아요. 확인 부탁드립니다.,Match,1,Low
VOC-82BA3895,2025-06-13 22:22,U602985,KB국민은행,CPI,앱 설치 리워드,리워드미지급,"리워드 안 들어왔어요
김철수
010-2222-2222",No_Record,32,Grey
VOC-36DB9D15,2025-06-02 03:09,U757924,KB국민은행,CPA,게임 레벨 달성,리워드미지급,리워드 미적립 문의드립니다. 게임 레벨 달성 참여 완료했습니다.,No_Record,1,Low
VOC-7EEFC5EE,2025-06-15 09:55,U717113,허니스크린,CPA,저장하고 링크 입력하기,리워드미지급,미션 완료했는데 포인트 반영이 안 돼요.,No_Record,3,Low
VOC-7344B6E6,2025-06-09 02:19,U182860,토스,CPA,저장하고 링크 입력하기,리워드미지급,"리워드 안 들어왔어요
김철수
010-2222-2222",No_Record,28,Grey
VOC-29F57181,2025-06-04 02:00,U423241,네이버페이,CPA,게임 레벨 달성,리워드미지급,ㅆㅂ 뭐하는 회사야 지금 당장 해결 안 해주면 각종 커뮤니티에 다 올릴 겁니다. 게임 레벨 달성 리워드 즉시 지급해주세요.,No_Record,5,High
VOC-B3A65E16,2025-06-30 12:25,U849747,신한SOL,CPA,플레이스 검색+저장하기,기타,리워드 지급 기준이 어떻게 되나요?,Match,1,Low
VOC-E3C887CC,2025-06-11 04:05,U845702,네이버페이,CPA,플레이스 검색+저장하기,광고참여불가,다른 계정으로도 해봤는데 같은 광고가 안 되네요. 왜 그런 건가요?,No_Record,25,Grey
VOC-3E2D04C0,2025-06-17 23:33,U685098,신한SOL,CPA,쇼핑 정답 입력하기,리워드미지급,"개짜증나네 법적 조치 취하겠습니다. 금감원에 민원 넣을 예정이고, 이건 명백한 사기입니다.",No_Record,10,Critical
VOC-1B5D452D,2025-06-08 06:53,U121369,캐시워크,CPA,쇼핑 정답 입력하기,기타,진짜 ㅅㅂ 참여 내역 확인은 어디서 하나요?,Match,2,Low
VOC-FB70650D,2025-06-11 17:29,U535970,KB국민은행,CPA,앱 설치+실행,리워드미지급,리워드 지급이 아직 안 됐는데 확인 부탁드립니다.,Match,3,Low
VOC-77EFEABC,2025-06-08 07:04,U454508,신한SOL,CPA,멀티미션 완료,기타,참여 내역 확인은 어디서 하나요?,Match,3,Low
VOC-A484B1CF,2025-06-06 18:27,U765620,캐시워크,CPA,저장하고 링크 입력하기,리워드미지급,리워드 미적립 문의드립니다. 저장하고 링크 입력하기 참여 완료했습니다.,Match,2,Low
VOC-3BF8DB88,2025-06-02 08:28,U587648,네이버페이,CPA,라이브커머스 시청,리워드미지급,하루에 15건 이상 문의하는 게 이상하다고요? 진짜 다 참여한 건데 왜 안 되는지 모르겠어요.,Match,17,Grey
VOC-D72E42D5,2025-06-26 15:34,U424065,카카오뱅크,CPA,게임 레벨 달성,리워드미지급,게임 레벨 달성 리워드 안 들어와서 문의드립니다. 제 친구도 같은 내용으로 문의했대요.,No_Record,17,Grey
VOC-D6F17D39,2025-06-04 08:11,U708792,허니스크린,CPA,저장하고 링크 입력하기,리워드미지급,어제 참여한 저장하고 링크 입력하기 리워드가 아직 안 들어왔어요.,Match,1,Low
VOC-8159EE12,2025-06-14 03:48,U764532,캐시워크,CPA,서비스 가입,리워드미지급,서비스 가입 완료했는데 리워드 누락된 것 같아요. 확인 부탁드립니다.,Match,1,Low
VOC-49334F38,2025-06-18 22:27,U688153,카카오뱅크,CPA,서비스 가입,리워드미지급,포인트가 안 들어왔는데 언제 지급되나요?,Match,3,Low
VOC-A0F3F08C,2025-06-04 19:02,U568127,카카오뱅크,CPA,플레이스 검색+저장하기,리워드미지급,화면이 하얗게 되면서 미션 완료가 안 됐는데 리워드도 안 들어왔어요.,Match,7,Medium
VOC-89421E3B,2025-06-04 09:55,U661652,OK캐쉬백,CPA,쇼핑 정답 입력하기,리워드미지급,스크린샷 보내드립니다. 분명 완료했는데 로그에 안 잡힌다니 이해가 안 됩니다.,No_Record,34,Grey
VOC-E31DEFF5,2025-06-23 05:05,U624139,리브메이트,CPA,멀티미션 완료,리워드미지급,멀티미션 완료 미션 3단계까지 완료했는데 2단계부터 적립이 안 됩니다. 확인 부탁드립니다.,Match,6,Medium
VOC-4A282E35,2025-06-21 00:05,U882354,KB국민은행,CPI,신규 앱 체험,리워드미지급,리워드 지급이 아직 안 됐는데 확인 부탁드립니다.,Match,2,Low
VOC-3A0088D6,2025-06-21 14:51,U235047,네이버페이,CPS,쇼핑몰 구매 리워드,리워드미지급,스크린샷 보내드립니다. 분명 완료했는데 로그에 안 잡힌다니 이해가 안 됩니다.,No_Record,15,Grey
VOC-427D99B7,2025-06-21 20:38,U122394,네이버페이,CPC,뉴스 기사 클릭,리워드미지급,리워드 지급이 아직 안 됐는데 확인 부탁드립니다.,Match,1,Low
VOC-9464E9C1,2025-06-10 12:54,U976325,신한SOL,CPA,라이브커머스 시청,광고참여불가,ㅆㅂ 뭐하는 회사야 광고 버튼을 눌러도 아무 반응이 없어요.,No_Record,1,Low
VOC-8E4FF3DF,2025-06-22 12:05,U909676,캐시워크,CPA,라이브커머스 시청,리워드미지급,씨발 벌써 세 번째 문의인데 아직도 해결이 안 되고 있어요. 소비자보호원에 민원 넣겠습니다.,No_Record,4,High
VOC-05FFD3E1,2025-06-30 19:14,U770718,KB국민은행,CPA,플레이스 검색+저장하기,광고참여불가,다른 계정으로도 해봤는데 같은 광고가 안 되네요. 왜 그런 건가요?,No_Record,27,Grey
VOC-96487069,2025-06-20 10:10,U512042,허니스크린,CPA,저장하고 링크 입력하기,리워드미지급,포인트가 안 들어왔는데 언제 지급되나요?,No_Record,2,Low
VOC-11AE31DB,2025-06-16 03:28,U857065,OK캐쉬백,CPA,앱 설치+실행,리워드미지급,"리워드 안 들어왔어요
김철수
010-2222-2222",No_Record,23,Grey
VOC-4331F33D,2025-06-18 08:08,U755383,신한SOL,CPS,브랜드 체험단,광고참여불가,브랜드 체험단 광고가 안 뜨는데 확인 부탁드립니다.,Match,3,Low
VOC-FDEDAD6C,2025-06-22 18:37,U121753,허니스크린,CPI,신규 앱 체험,리워드미지급,개짜증나네 광고 참여 완료 후 리워드 미지급입니다. 적립 부탁합니다.,No_Record,1,Low
VOC-A8D3B0DE,2025-06-09 06:11,U731661,카카오뱅크,CPA,게임 레벨 달성,광고참여불가,게임 레벨 달성 광고가 안 뜨는데 확인 부탁드립니다.,Match,3,Low
VOC-3A6C32B0,2025-06-25 11:10,U735324,리브메이트,CPA,앱 설치+실행,리워드미지급,리워드 미적립 문의드립니다. 앱 설치+실행 참여 완료했습니다.,Match,1,Low
VOC-A741C4AA,2025-06-24 19:18,U916808,포인트타운,CPA,앱 설치+실행,리워드미지급,"리워드 안 들어왔어요
김철수
010-2222-2222",No_Record,11,Grey
VOC-53C809F2,2025-06-13 11:32,U940010,캐시워크,오퍼월,오퍼월 미션 참여,리워드미지급,리워드 지급이 아직 안 됐는데 확인 부탁드립니다.,Match,1,Low
VOC-CB806693,2025-06-15 15:56,U423528,카카오뱅크,CPA,게임 레벨 달성,리워드미지급,리워드 미적립 문의드립니다. 게임 레벨 달성 참여 완료했습니다.,Match,3,Low
VOC-CE14928D,2025-06-14 19:40,U131757,신한SOL,CPA,서비스 가입,리워드미지급,서비스 가입 완료했는데 리워드 누락된 것 같아요. 확인 부탁드립니다.,Match,3,Low
VOC-595DBB4E,2025-06-24 15:13,U311883,OK캐쉬백,CPA,SNS 팔로우,리워드미지급,리워드 미적립 문의드립니다. SNS 팔로우 참여 완료했습니다.,Match,3,Low
VOC-7BA48351,2025-06-29 23:16,U624902,리브메이트,CPA,게임 레벨 달성,리워드미지급,개같은 서비스 리워드 미적립 문의드립니다. 게임 레벨 달성 참여 완료했습니다.,Match,3,Low
VOC-11ADB294,2025-06-12 04:17,U297636,포인트타운,CPA,라이브커머스 시청,리워드미지급,화면이 하얗게 되면서 미션 완료가 안 됐는데 리워드도 안 들어왔어요.,No_Record,8,Medium
VOC-7916FF01,2025-06-27 20:11,U970720,OK캐쉬백,CPA,플레이스 검색+저장하기,리워드미지급,어제 참여한 플레이스 검색+저장하기 리워드가 아직 안 들어왔어요.,Match,3,Low
VOC-8AF4601B,2025-06-14 06:31,U381581,네이버페이,CPA,쇼핑 정답 입력하기,리워드미지급,"리워드 안 들어왔어요
김철수
010-2222-2222",No_Record,30,Grey
VOC-DB82F602,2025-06-27 17:45,U417212,리브메이트,CPI,신규 앱 체험,광고참여불가,광고 버튼을 눌러도 아무 반응이 없어요.,Match,1,Low
VOC-DD8428D2,2025-06-11 21:38,U154909,리브메이트,CPA,서비스 가입,리워드미지급,미션 완료했는데 포인트 반영이 안 돼요.,Match,1,Low
VOC-232F4F8E,2025-06-06 14:58,U659024,네이버페이,CPA,멀티미션 완료,리워드미지급,미션 완료했는데 포인트 반영이 안 돼요.,Match,3,Low
VOC-8B577300,2025-06-22 10:16,U900441,리브메이트,CPA,앱 설치+실행,리워드미지급,앱 설치+실행 미션 중간에 앱이 꺼졌는데 이후 단계 리워드가 누락됐습니다.,Match,5,Medium
VOC-64F18423,2025-06-15 05:10,U322182,캐시워크,CPS,쇼핑몰 구매 리워드,광고참여불가,다른 계정으로도 해봤는데 같은 광고가 안 되네요. 왜 그런 건가요?,No_Record,14,Grey
VOC-7B014580,2025-06-01 17:35,U531319,신한SOL,CPA,멀티미션 완료,리워드미지급,다른 사람들도 같은 문제 겪고 있다는데 멀티미션 완료 광고 오류 확인 부탁합니다.,Match,6,Medium
VOC-39C6456B,2025-06-27 03:29,U223172,캐시워크,CPA,플레이스 검색+저장하기,리워드미지급,미션 완료했는데 포인트 반영이 안 돼요.,Match,3,Low
VOC-BE39A4CF,2025-06-04 16:09,U352674,신한SOL,CPA,라이브커머스 시청,기타,앱이 자꾸 튕겨요. 여러 기기에서 동일 증상입니다.,Match,8,Medium
VOC-53074AFA,2025-06-27 05:34,U408036,카카오뱅크,CPA,쇼핑 정답 입력하기,광고참여불가,광고 버튼을 눌러도 아무 반응이 없어요.,Match,3,Low
VOC-48943379,2025-06-02 18:23,U867934,네이버페이,CPA,플레이스 검색+저장하기,리워드미지급,광고 참여 완료 후 리워드 미지급입니다. 적립 부탁합니다.,Match,3,Low
VOC-EAD7CE90,2025-06-16 06:55,U520521,포인트타운,CPE,앱 이벤트 달성,기타,포인트 사용 방법이 궁금합니다.,Match,1,Low
VOC-4B2CA964,2025-06-23 11:29,U611751,카카오뱅크,CPA,라이브커머스 시청,리워드미지급,"리워드 안 들어왔어요
김철수
010-2222-2222",No_Record,18,Grey
VOC-47640647,2025-06-04 09:50,U516774,네이버페이,CPA,서비스 가입,리워드미지급,스크린샷 보내드립니다. 분명 완료했는데 로그에 안 잡힌다니 이해가 안 됩니다.,No_Record,8,Grey
VOC-E96791EE,2025-06-08 12:05,U866260,캐시워크,오퍼월,오퍼월 앱 설치,광고참여불가,다른 계정으로도 해봤는데 같은 광고가 안 되네요. 왜 그런 건가요?,No_Record,32,Grey
